,title
Everyone,Surf World Series
Everyone 10+,The Metronomicon: Slay the Dance Floor
Everyone,Surf World Series
Everyone 10+,The Metronomicon: Slay the Dance Floor
Mature,Windjammers
Mature,Windjammers
Everyone 10+,The Metronomicon: Slay the Dance Floor
Everyone,Surf World Series
Everyone 10+,The Metronomicon: Slay the Dance Floor
Everyone 10+,The Metronomicon: Slay the Dance Floor
Everyone 10+,The Metronomicon: Slay the Dance Floor
Everyone 10+,The Metronomicon: Slay the Dance Floor
Everyone 10+,The Metronomicon: Slay the Dance Floor
Teen,Rock of Ages Everyone 10+: Bigger and Boulder
Mature,Windjammers
Mature,Windjammers
Teen,Rock of Ages Everyone 10+: Bigger and Boulder
Everyone,Surf World Series
Everyone 10+,The Metronomicon: Slay the Dance Floor
Teen,Rock of Ages Everyone 10+: Bigger and Boulder
Everyone 10+,The Metronomicon: Slay the Dance Floor
Everyone 10+,The Metronomicon: Slay the Dance Floor
Teen,Rock of Ages Everyone 10+: Bigger and Boulder
Everyone 10+,The Metronomicon: Slay the Dance Floor
Everyone 10+,The Metronomicon: Slay the Dance Floor
Everyone 10+,The Metronomicon: Slay the Dance Floor
Teen,Rock of Ages Everyone 10+: Bigger and Boulder
Mature,Windjammers
Teen,Rock of Ages Everyone 10+: Bigger and Boulder
Teen,Rock of Ages Everyone 10+: Bigger and Boulder
Everyone 10+,The Metronomicon: Slay the Dance Floor
Everyone 10+,The Metronomicon: Slay the Dance Floor
Teen,Rock of Ages Everyone 10+: Bigger and Boulder
Everyone 10+,The Metronomicon: Slay the Dance Floor
Teen,Rock of Ages Everyone 10+: Bigger and Boulder
Mature,Windjammers
Everyone 10+,The Metronomicon: Slay the Dance Floor
Everyone,Surf World Series
Everyone 10+,The Metronomicon: Slay the Dance Floor
Teen,Rock of Ages Everyone 10+: Bigger and Boulder
Everyone,Surf World Series
Everyone 10+,The Metronomicon: Slay the Dance Floor
Mature,Windjammers
Everyone,Surf World Series
Everyone,Surf World Series
Teen,Rock of Ages Everyone 10+: Bigger and Boulder
Everyone 10+,The Metronomicon: Slay the Dance Floor
Everyone 10+,The Metronomicon: Slay the Dance Floor
Everyone 10+,The Metronomicon: Slay the Dance Floor
Teen,Rock of Ages Everyone 10+: Bigger and Boulder
Teen,Rock of Ages Everyone 10+: Bigger and Boulder
Mature,Windjammers
Everyone 10+,The Metronomicon: Slay the Dance Floor
Mature,Windjammers
Everyone 10+,The Metronomicon: Slay the Dance Floor
Everyone 10+,The Metronomicon: Slay the Dance Floor
Teen,Rock of Ages Everyone 10+: Bigger and Boulder
Teen,Rock of Ages Everyone 10+: Bigger and Boulder
Everyone 10+,The Metronomicon: Slay the Dance Floor
Everyone,Surf World Series
Teen,Rock of Ages Everyone 10+: Bigger and Boulder
Everyone 10+,The Metronomicon: Slay the Dance Floor
Everyone,Surf World Series
Mature,Windjammers
Everyone 10+,The Metronomicon: Slay the Dance Floor
Teen,Rock of Ages Everyone 10+: Bigger and Boulder
Everyone,Surf World Series
Everyone,Surf World Series
Everyone,Surf World Series
Everyone,Surf World Series
Everyone 10+,The Metronomicon: Slay the Dance Floor
Everyone 10+,The Metronomicon: Slay the Dance Floor
Everyone 10+,The Metronomicon: Slay the Dance Floor
Teen,Rock of Ages Everyone 10+: Bigger and Boulder
Everyone 10+,The Metronomicon: Slay the Dance Floor
Teen,Rock of Ages Everyone 10+: Bigger and Boulder
Mature,Windjammers
Everyone,Surf World Series
Everyone,Surf World Series
Teen,Rock of Ages Everyone 10+: Bigger and Boulder
Teen,Rock of Ages Everyone 10+: Bigger and Boulder
Teen,Rock of Ages Everyone 10+: Bigger and Boulder
Everyone 10+,The Metronomicon: Slay the Dance Floor
Everyone,Surf World Series
Teen,Rock of Ages Everyone 10+: Bigger and Boulder
Mature,Windjammers
Teen,Rock of Ages Everyone 10+: Bigger and Boulder
Everyone 10+,The Metronomicon: Slay the Dance Floor
Everyone 10+,The Metronomicon: Slay the Dance Floor
Everyone,Surf World Series
Everyone 10+,The Metronomicon: Slay the Dance Floor
Teen,Rock of Ages Everyone 10+: Bigger and Boulder
Teen,Rock of Ages Everyone 10+: Bigger and Boulder
Teen,Rock of Ages Everyone 10+: Bigger and Boulder
Everyone,Surf World Series
Everyone 10+,The Metronomicon: Slay the Dance Floor
Everyone 10+,The Metronomicon: Slay the Dance Floor
Everyone 10+,The Metronomicon: Slay the Dance Floor
Teen,Rock of Ages Everyone 10+: Bigger and Boulder
Everyone,Surf World Series
Everyone,Surf World Series
Teen,Rock of Ages Everyone 10+: Bigger and Boulder
Mature,Windjammers
Teen,Rock of Ages Everyone 10+: Bigger and Boulder
Everyone,Surf World Series
Mature,Windjammers
Teen,Rock of Ages Everyone 10+: Bigger and Boulder
Teen,Rock of Ages Everyone 10+: Bigger and Boulder
Teen,Rock of Ages Everyone 10+: Bigger and Boulder
Teen,Rock of Ages Everyone 10+: Bigger and Boulder
Everyone 10+,The Metronomicon: Slay the Dance Floor
Everyone 10+,The Metronomicon: Slay the Dance Floor
Teen,Rock of Ages Everyone 10+: Bigger and Boulder
Everyone,Surf World Series
Teen,Rock of Ages Everyone 10+: Bigger and Boulder
Teen,Rock of Ages Everyone 10+: Bigger and Boulder
Everyone 10+,The Metronomicon: Slay the Dance Floor
Teen,Rock of Ages Everyone 10+: Bigger and Boulder
Everyone,Surf World Series
Teen,Rock of Ages Everyone 10+: Bigger and Boulder
Teen,Rock of Ages Everyone 10+: Bigger and Boulder
Everyone 10+,The Metronomicon: Slay the Dance Floor
Everyone,Surf World Series
Teen,Rock of Ages Everyone 10+: Bigger and Boulder
Teen,Rock of Ages Everyone 10+: Bigger and Boulder
Everyone,Surf World Series
Everyone 10+,The Metronomicon: Slay the Dance Floor
Everyone 10+,The Metronomicon: Slay the Dance Floor
Teen,Rock of Ages Everyone 10+: Bigger and Boulder
Everyone 10+,The Metronomicon: Slay the Dance Floor
Teen,Rock of Ages Everyone 10+: Bigger and Boulder
Mature,Windjammers
Everyone 10+,The Metronomicon: Slay the Dance Floor
Everyone,Surf World Series
Teen,Rock of Ages Everyone 10+: Bigger and Boulder
Everyone,Surf World Series
Teen,Rock of Ages Everyone 10+: Bigger and Boulder
Everyone,Surf World Series
Everyone 10+,The Metronomicon: Slay the Dance Floor
Everyone,Surf World Series
Teen,Rock of Ages Everyone 10+: Bigger and Boulder
Teen,Rock of Ages Everyone 10+: Bigger and Boulder
Teen,Rock of Ages Everyone 10+: Bigger and Boulder
Teen,Rock of Ages Everyone 10+: Bigger and Boulder
Teen,Rock of Ages Everyone 10+: Bigger and Boulder
Mature,Windjammers
Teen,Rock of Ages Everyone 10+: Bigger and Boulder
Everyone 10+,The Metronomicon: Slay the Dance Floor
Everyone 10+,The Metronomicon: Slay the Dance Floor
Everyone 10+,The Metronomicon: Slay the Dance Floor
Everyone,Surf World Series
Everyone 10+,The Metronomicon: Slay the Dance Floor
Teen,Rock of Ages Everyone 10+: Bigger and Boulder
Everyone,Surf World Series
Everyone,Surf World Series
Everyone,Surf World Series
Mature,Windjammers
Teen,Rock of Ages Everyone 10+: Bigger and Boulder
Teen,Rock of Ages Everyone 10+: Bigger and Boulder
Everyone 10+,The Metronomicon: Slay the Dance Floor
Everyone 10+,The Metronomicon: Slay the Dance Floor
Everyone 10+,The Metronomicon: Slay the Dance Floor
Everyone,Surf World Series
Mature,Windjammers
Everyone 10+,The Metronomicon: Slay the Dance Floor
Mature,Windjammers
Everyone,Surf World Series
Everyone 10+,The Metronomicon: Slay the Dance Floor
Teen,Rock of Ages Everyone 10+: Bigger and Boulder
Teen,Rock of Ages Everyone 10+: Bigger and Boulder
Everyone 10+,The Metronomicon: Slay the Dance Floor
Teen,Rock of Ages Everyone 10+: Bigger and Boulder
Teen,Rock of Ages Everyone 10+: Bigger and Boulder
Mature,Windjammers
Everyone,Surf World Series
Mature,Windjammers
Teen,Rock of Ages Everyone 10+: Bigger and Boulder
Everyone 10+,The Metronomicon: Slay the Dance Floor
Mature,Windjammers
Teen,Rock of Ages Everyone 10+: Bigger and Boulder
Teen,Rock of Ages Everyone 10+: Bigger and Boulder
Teen,Rock of Ages Everyone 10+: Bigger and Boulder
Teen,Rock of Ages Everyone 10+: Bigger and Boulder
Everyone,Surf World Series
Teen,Rock of Ages Everyone 10+: Bigger and Boulder
Everyone 10+,The Metronomicon: Slay the Dance Floor
Teen,Rock of Ages Everyone 10+: Bigger and Boulder
Everyone 10+,The Metronomicon: Slay the Dance Floor
Everyone,Surf World Series
Everyone,Surf World Series
Everyone,Surf World Series
Everyone 10+,The Metronomicon: Slay the Dance Floor
Everyone 10+,The Metronomicon: Slay the Dance Floor
Teen,Rock of Ages Everyone 10+: Bigger and Boulder
Teen,Rock of Ages Everyone 10+: Bigger and Boulder
Mature,Windjammers
Everyone 10+,The Metronomicon: Slay the Dance Floor
Everyone,Surf World Series
Teen,Rock of Ages Everyone 10+: Bigger and Boulder
Everyone,Surf World Series
Everyone,Surf World Series
Teen,Rock of Ages Everyone 10+: Bigger and Boulder
Teen,Rock of Ages Everyone 10+: Bigger and Boulder
Teen,Rock of Ages Everyone 10+: Bigger and Boulder
Everyone 10+,The Metronomicon: Slay the Dance Floor
Teen,Rock of Ages Everyone 10+: Bigger and Boulder
Everyone,Surf World Series
Everyone 10+,The Metronomicon: Slay the Dance Floor
Mature,Windjammers
Mature,Windjammers
Teen,Rock of Ages Everyone 10+: Bigger and Boulder
Everyone,Surf World Series
Teen,Rock of Ages Everyone 10+: Bigger and Boulder
Teen,Rock of Ages Everyone 10+: Bigger and Boulder
Everyone,Surf World Series
Teen,Rock of Ages Everyone 10+: Bigger and Boulder
Everyone,Surf World Series
Teen,Rock of Ages Everyone 10+: Bigger and Boulder
Everyone 10+,The Metronomicon: Slay the Dance Floor
Teen,Rock of Ages Everyone 10+: Bigger and Boulder
Teen,Rock of Ages Everyone 10+: Bigger and Boulder
Mature,Windjammers
Everyone,Surf World Series
Teen,Rock of Ages Everyone 10+: Bigger and Boulder
Everyone,Surf World Series
Teen,Rock of Ages Everyone 10+: Bigger and Boulder
Everyone,Surf World Series
Teen,Rock of Ages Everyone 10+: Bigger and Boulder
Mature,Windjammers
Teen,Rock of Ages Everyone 10+: Bigger and Boulder
Teen,Rock of Ages Everyone 10+: Bigger and Boulder
Mature,Windjammers
Teen,Rock of Ages Everyone 10+: Bigger and Boulder
Mature,Windjammers
Everyone,Surf World Series
Teen,Rock of Ages Everyone 10+: Bigger and Boulder
Everyone 10+,The Metronomicon: Slay the Dance Floor
Everyone,Surf World Series
Everyone,Surf World Series
Everyone,Surf World Series
Everyone 10+,The Metronomicon: Slay the Dance Floor
Everyone 10+,The Metronomicon: Slay the Dance Floor
Everyone 10+,The Metronomicon: Slay the Dance Floor
Teen,Rock of Ages Everyone 10+: Bigger and Boulder
Mature,Windjammers
Everyone 10+,The Metronomicon: Slay the Dance Floor
Everyone 10+,The Metronomicon: Slay the Dance Floor
Everyone 10+,The Metronomicon: Slay the Dance Floor
Teen,Rock of Ages Everyone 10+: Bigger and Boulder
Teen,Rock of Ages Everyone 10+: Bigger and Boulder
Everyone 10+,The Metronomicon: Slay the Dance Floor
Everyone,Surf World Series
Mature,Windjammers
Everyone,Surf World Series
Teen,Rock of Ages Everyone 10+: Bigger and Boulder
Everyone,Surf World Series
Teen,Rock of Ages Everyone 10+: Bigger and Boulder
Everyone 10+,The Metronomicon: Slay the Dance Floor
Teen,Rock of Ages Everyone 10+: Bigger and Boulder
Everyone 10+,The Metronomicon: Slay the Dance Floor
Everyone,Surf World Series
Teen,Rock of Ages Everyone 10+: Bigger and Boulder
Mature,Windjammers
Everyone 10+,The Metronomicon: Slay the Dance Floor
Teen,Rock of Ages Everyone 10+: Bigger and Boulder
Teen,Rock of Ages Everyone 10+: Bigger and Boulder
Everyone 10+,The Metronomicon: Slay the Dance Floor
Teen,Rock of Ages Everyone 10+: Bigger and Boulder
Mature,Windjammers
Everyone,Surf World Series
Teen,Rock of Ages Everyone 10+: Bigger and Boulder
Everyone,Surf World Series
Mature,Windjammers
Teen,Rock of Ages Everyone 10+: Bigger and Boulder
Teen,Rock of Ages Everyone 10+: Bigger and Boulder
Everyone 10+,The Metronomicon: Slay the Dance Floor
Everyone,Surf World Series
Mature,Windjammers
Everyone 10+,The Metronomicon: Slay the Dance Floor
Mature,Windjammers
Everyone 10+,The Metronomicon: Slay the Dance Floor
Everyone,Surf World Series
Teen,Rock of Ages Everyone 10+: Bigger and Boulder
Teen,Rock of Ages Everyone 10+: Bigger and Boulder
Everyone,Surf World Series
Teen,Rock of Ages Everyone 10+: Bigger and Boulder
Teen,Rock of Ages Everyone 10+: Bigger and Boulder
Everyone 10+,The Metronomicon: Slay the Dance Floor
Teen,Rock of Ages Everyone 10+: Bigger and Boulder
Teen,Rock of Ages Everyone 10+: Bigger and Boulder
Teen,Rock of Ages Everyone 10+: Bigger and Boulder
Everyone 10+,The Metronomicon: Slay the Dance Floor
Everyone 10+,The Metronomicon: Slay the Dance Floor
Teen,Rock of Ages Everyone 10+: Bigger and Boulder
Teen,Rock of Ages Everyone 10+: Bigger and Boulder
Everyone 10+,The Metronomicon: Slay the Dance Floor
Everyone,Surf World Series
Everyone 10+,The Metronomicon: Slay the Dance Floor
Everyone 10+,The Metronomicon: Slay the Dance Floor
Mature,Windjammers
Everyone,Surf World Series
Everyone,Surf World Series
Teen,Rock of Ages Everyone 10+: Bigger and Boulder
Everyone 10+,The Metronomicon: Slay the Dance Floor
Teen,Rock of Ages Everyone 10+: Bigger and Boulder
Teen,Rock of Ages Everyone 10+: Bigger and Boulder
Everyone,Surf World Series
Everyone,Surf World Series
Everyone,Surf World Series
Teen,Rock of Ages Everyone 10+: Bigger and Boulder
Teen,Rock of Ages Everyone 10+: Bigger and Boulder
Teen,Rock of Ages Everyone 10+: Bigger and Boulder
Everyone,Surf World Series
Teen,Rock of Ages Everyone 10+: Bigger and Boulder
Everyone,Surf World Series
Everyone,Surf World Series
Teen,Rock of Ages Everyone 10+: Bigger and Boulder
Everyone 10+,The Metronomicon: Slay the Dance Floor
Everyone,Surf World Series
Teen,Rock of Ages Everyone 10+: Bigger and Boulder
Teen,Rock of Ages Everyone 10+: Bigger and Boulder
Teen,Rock of Ages Everyone 10+: Bigger and Boulder
Teen,Rock of Ages Everyone 10+: Bigger and Boulder
Teen,Rock of Ages Everyone 10+: Bigger and Boulder
Everyone,Surf World Series
Everyone,Surf World Series
Mature,Windjammers
Everyone 10+,The Metronomicon: Slay the Dance Floor
Teen,Rock of Ages Everyone 10+: Bigger and Boulder
Mature,Windjammers
Teen,Rock of Ages Everyone 10+: Bigger and Boulder
Teen,Rock of Ages Everyone 10+: Bigger and Boulder
Teen,Rock of Ages Everyone 10+: Bigger and Boulder
Teen,Rock of Ages Everyone 10+: Bigger and Boulder
Everyone,Surf World Series
Teen,Rock of Ages Everyone 10+: Bigger and Boulder
Teen,Rock of Ages Everyone 10+: Bigger and Boulder
Everyone,Surf World Series
Teen,Rock of Ages Everyone 10+: Bigger and Boulder
Mature,Windjammers
Everyone,Surf World Series
Everyone,Surf World Series
Mature,Windjammers
Teen,Rock of Ages Everyone 10+: Bigger and Boulder
Everyone,Surf World Series
Everyone 10+,The Metronomicon: Slay the Dance Floor
Teen,Rock of Ages Everyone 10+: Bigger and Boulder
Teen,Rock of Ages Everyone 10+: Bigger and Boulder
Teen,Rock of Ages Everyone 10+: Bigger and Boulder
Everyone 10+,The Metronomicon: Slay the Dance Floor
Everyone 10+,The Metronomicon: Slay the Dance Floor
Everyone 10+,The Metronomicon: Slay the Dance Floor
Teen,Rock of Ages Everyone 10+: Bigger and Boulder
Everyone,Surf World Series
Mature,Windjammers
Mature,Windjammers
Teen,Rock of Ages Everyone 10+: Bigger and Boulder
Teen,Rock of Ages Everyone 10+: Bigger and Boulder
Teen,Rock of Ages Everyone 10+: Bigger and Boulder
Everyone 10+,The Metronomicon: Slay the Dance Floor
Everyone 10+,The Metronomicon: Slay the Dance Floor
Everyone,Surf World Series
Everyone,Surf World Series
Everyone 10+,The Metronomicon: Slay the Dance Floor
Teen,Rock of Ages Everyone 10+: Bigger and Boulder
Teen,Rock of Ages Everyone 10+: Bigger and Boulder
Everyone,Surf World Series
Teen,Rock of Ages Everyone 10+: Bigger and Boulder
Teen,Rock of Ages Everyone 10+: Bigger and Boulder
Everyone 10+,The Metronomicon: Slay the Dance Floor
Everyone,Surf World Series
Teen,Rock of Ages Everyone 10+: Bigger and Boulder
Everyone 10+,The Metronomicon: Slay the Dance Floor
Everyone,Surf World Series
Everyone,Surf World Series
Everyone 10+,The Metronomicon: Slay the Dance Floor
Mature,Windjammers
Mature,Windjammers
Everyone,Surf World Series
Everyone 10+,The Metronomicon: Slay the Dance Floor
Everyone,Surf World Series
Everyone,Surf World Series
Everyone,Surf World Series
Teen,Rock of Ages Everyone 10+: Bigger and Boulder
Everyone 10+,The Metronomicon: Slay the Dance Floor
Everyone,Surf World Series
Everyone 10+,The Metronomicon: Slay the Dance Floor
Everyone,Surf World Series
Everyone 10+,The Metronomicon: Slay the Dance Floor
Teen,Rock of Ages Everyone 10+: Bigger and Boulder
Mature,Windjammers
Everyone 10+,The Metronomicon: Slay the Dance Floor
Mature,Windjammers
Everyone 10+,The Metronomicon: Slay the Dance Floor
Everyone,Surf World Series
Everyone 10+,The Metronomicon: Slay the Dance Floor
Teen,Rock of Ages Everyone 10+: Bigger and Boulder
Teen,Rock of Ages Everyone 10+: Bigger and Boulder
Everyone,Surf World Series
Everyone 10+,The Metronomicon: Slay the Dance Floor
Everyone 10+,The Metronomicon: Slay the Dance Floor
Mature,Windjammers
Teen,Rock of Ages Everyone 10+: Bigger and Boulder
Teen,Rock of Ages Everyone 10+: Bigger and Boulder
Everyone 10+,The Metronomicon: Slay the Dance Floor
Everyone 10+,The Metronomicon: Slay the Dance Floor
Teen,Rock of Ages Everyone 10+: Bigger and Boulder
Teen,Rock of Ages Everyone 10+: Bigger and Boulder
Everyone 10+,The Metronomicon: Slay the Dance Floor
Everyone,Surf World Series
Teen,Rock of Ages Everyone 10+: Bigger and Boulder
Everyone 10+,The Metronomicon: Slay the Dance Floor
Everyone 10+,The Metronomicon: Slay the Dance Floor
Teen,Rock of Ages Everyone 10+: Bigger and Boulder
Everyone,Surf World Series
Everyone,Surf World Series
Everyone,Surf World Series
Everyone 10+,The Metronomicon: Slay the Dance Floor
Teen,Rock of Ages Everyone 10+: Bigger and Boulder
Everyone 10+,The Metronomicon: Slay the Dance Floor
Everyone 10+,The Metronomicon: Slay the Dance Floor
Everyone 10+,The Metronomicon: Slay the Dance Floor
Mature,Windjammers
Everyone,Surf World Series
Teen,Rock of Ages Everyone 10+: Bigger and Boulder
Teen,Rock of Ages Everyone 10+: Bigger and Boulder
Teen,Rock of Ages Everyone 10+: Bigger and Boulder
Everyone 10+,The Metronomicon: Slay the Dance Floor
Teen,Rock of Ages Everyone 10+: Bigger and Boulder
Everyone 10+,The Metronomicon: Slay the Dance Floor
Everyone,Surf World Series
Everyone,Surf World Series
Teen,Rock of Ages Everyone 10+: Bigger and Boulder
Teen,Rock of Ages Everyone 10+: Bigger and Boulder
Mature,Windjammers
Everyone,Surf World Series
Everyone 10+,The Metronomicon: Slay the Dance Floor
Teen,Rock of Ages Everyone 10+: Bigger and Boulder
Teen,Rock of Ages Everyone 10+: Bigger and Boulder
Teen,Rock of Ages Everyone 10+: Bigger and Boulder
Mature,Windjammers
Teen,Rock of Ages Everyone 10+: Bigger and Boulder
Mature,Windjammers
Teen,Rock of Ages Everyone 10+: Bigger and Boulder
Teen,Rock of Ages Everyone 10+: Bigger and Boulder
Everyone,Surf World Series
Everyone 10+,The Metronomicon: Slay the Dance Floor
Everyone 10+,The Metronomicon: Slay the Dance Floor
Mature,Windjammers
Teen,Rock of Ages Everyone 10+: Bigger and Boulder
Everyone,Surf World Series
Mature,Windjammers
Mature,Windjammers
Teen,Rock of Ages Everyone 10+: Bigger and Boulder
Everyone 10+,The Metronomicon: Slay the Dance Floor
Everyone 10+,The Metronomicon: Slay the Dance Floor
Teen,Rock of Ages Everyone 10+: Bigger and Boulder
Teen,Rock of Ages Everyone 10+: Bigger and Boulder
Mature,Windjammers
Teen,Rock of Ages Everyone 10+: Bigger and Boulder
Everyone,Surf World Series
Teen,Rock of Ages Everyone 10+: Bigger and Boulder
Teen,Rock of Ages Everyone 10+: Bigger and Boulder
Everyone,Surf World Series
Mature,Windjammers
Teen,Rock of Ages Everyone 10+: Bigger and Boulder
Mature,Windjammers
Everyone 10+,The Metronomicon: Slay the Dance Floor
Everyone 10+,The Metronomicon: Slay the Dance Floor
Mature,Windjammers
Everyone,Surf World Series
Everyone 10+,The Metronomicon: Slay the Dance Floor
Mature,Windjammers
Teen,Rock of Ages Everyone 10+: Bigger and Boulder
Mature,Windjammers
Everyone,Surf World Series
Teen,Rock of Ages Everyone 10+: Bigger and Boulder
Everyone 10+,The Metronomicon: Slay the Dance Floor
Teen,Rock of Ages Everyone 10+: Bigger and Boulder
Everyone 10+,The Metronomicon: Slay the Dance Floor
Teen,Rock of Ages Everyone 10+: Bigger and Boulder
Teen,Rock of Ages Everyone 10+: Bigger and Boulder
Mature,Windjammers
Mature,Windjammers
Teen,Rock of Ages Everyone 10+: Bigger and Boulder
Everyone 10+,The Metronomicon: Slay the Dance Floor
Everyone,Surf World Series
Everyone,Surf World Series
Everyone 10+,The Metronomicon: Slay the Dance Floor
Teen,Rock of Ages Everyone 10+: Bigger and Boulder
Everyone 10+,The Metronomicon: Slay the Dance Floor
Mature,Windjammers
Teen,Rock of Ages Everyone 10+: Bigger and Boulder
Teen,Rock of Ages Everyone 10+: Bigger and Boulder
Mature,Windjammers
Teen,Rock of Ages Everyone 10+: Bigger and Boulder
Mature,Windjammers
Everyone 10+,The Metronomicon: Slay the Dance Floor
Teen,Rock of Ages Everyone 10+: Bigger and Boulder
